Updates_To_Network,Average_Score 
72,2.0
170,1.5
397,2.6666666666666665
459,2.0
535,1.8
607,1.6666666666666667
678,1.5714285714285714
750,1.5
785,1.3333333333333333
847,1.2
995,1.3636363636363635
1104,1.4166666666666667
1217,1.4615384615384615
1326,1.5
1460,1.5333333333333334
1594,1.5625
1820,1.7647058823529411
1882,1.6666666666666667
2016,1.6842105263157894
2114,1.65
2176,1.5714285714285714
2318,1.6363636363636365
2468,1.6956521739130435
2503,1.625
2653,1.68
2787,1.6923076923076923
2849,1.6296296296296295
3060,1.7142857142857142
3322,1.8620689655172413
3384,1.8
3450,1.7419354838709677
3632,1.8125
3700,1.7878787878787878
3810,1.7941176470588236
3908,1.7714285714285714
4022,1.7777777777777777
4156,1.7837837837837838
4339,1.8421052631578947
4437,1.8205128205128205
4534,1.8
4632,1.7804878048780488
4706,1.7619047619047619
4816,1.7674418604651163
4960,1.7954545454545454
5022,1.7555555555555555
5084,1.7173913043478262
5159,1.702127659574468
5221,1.6666666666666667
5323,1.653061224489796
5385,1.62
5600,1.6666666666666667
5847,1.7307692307692308
6022,1.7547169811320755
6354,1.8703703703703705
6755,2.0
6889,2.0
6967,1.9824561403508771
7029,1.9482758620689655
7331,2.0338983050847457
7408,2.0166666666666666
7542,2.0163934426229506
7733,2.0483870967741935
7831,2.0317460317460316
7893,2.0
7955,1.9692307692307693
8053,1.9545454545454546
8192,1.9701492537313432
8319,1.9705882352941178
8381,1.9420289855072463
8485,1.9428571428571428
8583,1.9295774647887325
8717,1.9305555555555556
8851,1.9315068493150684
9073,1.972972972972973
9284,2.0
9418,2.0
9604,2.0259740259740258
9666,2.0
10006,2.0759493670886076
10140,2.075
10254,2.074074074074074
10670,2.1707317073170733
10768,2.1566265060240966
10942,2.1666666666666665
11017,2.152941176470588
11079,2.127906976744186
11134,2.103448275862069
11196,2.0795454545454546
11270,2.067415730337079
11368,2.0555555555555554
11481,2.0549450549450547
11558,2.0434782608695654
11785,2.075268817204301
11898,2.074468085106383
12158,2.1157894736842104
12234,2.1041666666666665
12368,2.1030927835051547
12430,2.0816326530612246
12602,2.090909090909091
12777,2.1
13040,2.1386138613861387
13116,2.127450980392157
13327,2.145631067961165
13685,2.201923076923077
14061,2.2666666666666666
14159,2.2547169811320753
14221,2.2336448598130842
14468,2.259259259259259
14543,2.2477064220183487
14835,2.2818181818181817
14969,2.279279279279279
15117,2.2857142857142856
15328,2.3008849557522124
15405,2.289473684210526
15483,2.2782608695652176
15596,2.2758620689655173
15694,2.264957264957265
15771,2.2542372881355934
16075,2.2941176470588234
16152,2.283333333333333
16228,2.272727272727273
16475,2.2950819672131146
16623,2.3008130081300813
16721,2.2903225806451615
16830,2.288
17149,2.3253968253968256
17586,2.3858267716535435
17661,2.375
17736,2.364341085271318
17983,2.3846153846153846
18059,2.3740458015267176
18135,2.3636363636363638
18233,2.3533834586466167
18311,2.343283582089552
18460,2.348148148148148
18650,2.360294117647059
18861,2.372262773722628
19063,2.3840579710144927
19289,2.402877697841727
19705,2.4571428571428573
19909,2.4680851063829787
20043,2.464788732394366
20120,2.4545454545454546
20194,2.4444444444444446
20384,2.4551724137931035
20494,2.452054794520548
20754,2.4761904761904763
20961,2.4864864864864864
21035,2.476510067114094
21107,2.466666666666667
21183,2.456953642384106
21260,2.4473684210526314
21447,2.457516339869281
21593,2.461038961038961
21668,2.4516129032258065
21744,2.4423076923076925
21822,2.43312101910828
21900,2.4240506329113924
22047,2.4276729559748427
22159,2.425
22305,2.4285714285714284
22403,2.419753086419753
22517,2.4171779141104293
22593,2.408536585365854
22703,2.4060606060606062
22777,2.397590361445783
22875,2.3892215568862274
23065,2.3988095238095237
23292,2.4142011834319526
23366,2.4058823529411764
23513,2.409356725146199
23623,2.4069767441860463
23770,2.4104046242774566
23832,2.396551724137931
23966,2.394285714285714
24213,2.409090909090909
24288,2.401129943502825
24438,2.404494382022472
24529,2.3966480446927374
24641,2.3944444444444444
24714,2.386740331491713
24861,2.39010989010989
25006,2.3934426229508197
25068,2.380434782608696
25179,2.3783783783783785
25252,2.370967741935484
25400,2.374331550802139
25556,2.377659574468085
25633,2.3703703703703702
25711,2.363157894736842
25787,2.356020942408377
25901,2.3541666666666665
25977,2.3471502590673574
26089,2.345360824742268
26234,2.348717948717949
26445,2.357142857142857
26532,2.350253807106599
26608,2.3434343434343434
26670,2.3316582914572863
26744,2.325
26856,2.3233830845771144
27005,2.3267326732673266
27081,2.3201970443349755
27157,2.3137254901960786
27232,2.3073170731707315
27309,2.3009708737864076
27433,2.2995169082125604
27509,2.293269230769231
27622,2.291866028708134
27693,2.2857142857142856
27940,2.2985781990521326
28015,2.292452830188679
28093,2.2863849765258215
28171,2.2803738317757007
28245,2.2744186046511627
28358,2.2731481481481484
28434,2.2672811059907834
28532,2.261467889908257
28609,2.2557077625570776
28800,2.2636363636363637
28947,2.266968325791855
29076,2.265765765765766
29287,2.273542600896861
29362,2.267857142857143
29460,2.2622222222222224
29683,2.274336283185841
29871,2.2819383259911894
29957,2.276315789473684
30030,2.2707423580786026
30115,2.265217391304348
30451,2.29004329004329
30721,2.3060344827586206
30832,2.3047210300429186
31192,2.3290598290598292
31269,2.323404255319149
31343,2.3177966101694913
31454,2.3164556962025316
31532,2.310924369747899
31680,2.3138075313807533
32018,2.3375
32132,2.336099585062241
32323,2.34297520661157
32400,2.337448559670782
32498,2.331967213114754
32596,2.326530612244898
32710,2.3252032520325203
32900,2.331983805668016
33013,2.3306451612903225
33087,2.325301204819277
33200,2.324
33278,2.318725099601594
33352,2.3134920634920637
33429,2.308300395256917
33542,2.3070866141732282
33731,2.3137254901960786
33906,2.31640625
33983,2.311284046692607
34105,2.310077519379845
34481,2.335907335907336
34721,2.3461538461538463
34799,2.3409961685823757
34877,2.33587786259542
35026,2.338403041825095
35215,2.3446969696969697
35325,2.3433962264150945
35423,2.338345864661654
35501,2.3333333333333335
35840,2.3544776119402986
35953,2.353159851301115
36215,2.3666666666666667
36291,2.3616236162361623
36515,2.3713235294117645
36591,2.3663003663003663
36689,2.3613138686131387
36766,2.3563636363636364
36844,2.351449275362319
36922,2.3465703971119134
37452,2.384892086330935
37869,2.412186379928315
38132,2.425
38282,2.4270462633451957
38571,2.4397163120567376
39085,2.4734982332155475
39332,2.482394366197183
39478,2.4842105263157896
39704,2.493006993006993
39928,2.5017421602787455
40076,2.5034722222222223
40753,2.5536332179930796
40865,2.5517241379310347
41112,2.5601374570446733
41676,2.5993150684931505
41887,2.6040955631399316
41961,2.598639455782313
42208,2.606779661016949
42455,2.614864864864865
42612,2.6161616161616164
42802,2.620805369127517
43064,2.632107023411371
43140,2.6266666666666665
43202,2.617940199335548
43562,2.6357615894039736
43936,2.6567656765676566
44034,2.651315789473684
44168,2.6491803278688524
44316,2.650326797385621
44391,2.6449511400651464
44489,2.6396103896103895
44566,2.634304207119741
44790,2.641935483870968
44924,2.639871382636656
45022,2.6346153846153846
45649,2.6741214057507987
46050,2.694267515923567
46112,2.6857142857142855
46174,2.6772151898734178
46308,2.675078864353312
46605,2.688679245283019
46852,2.695924764890282
46914,2.6875
47174,2.6978193146417446
47236,2.68944099378882
47407,2.6904024767801857
47595,2.6944444444444446
47669,2.689230769230769
47731,2.6809815950920246
47793,2.672782874617737
47891,2.667682926829268
48251,2.683890577507599
48495,2.690909090909091
48855,2.706948640483384
48965,2.7048192771084336
49050,2.6996996996997
49410,2.715568862275449
49472,2.707462686567164
49570,2.7023809523809526
49704,2.7002967359050447
49766,2.6923076923076925
50352,2.725663716814159
50676,2.738235294117647
50851,2.7390029325513194
51062,2.742690058479532
51124,2.7346938775510203
51186,2.7267441860465116
51248,2.718840579710145
51310,2.7109826589595376
51372,2.7031700288184437
51506,2.7011494252873565
51681,2.702005730659026
51779,2.697142857142857
51841,2.6894586894586894
51903,2.6818181818181817
52263,2.696883852691218
52438,2.6977401129943503
52500,2.6901408450704225
52562,2.682584269662921
52737,2.683473389355742
52910,2.684357541899441
52972,2.6768802228412256
53034,2.6694444444444443
53507,2.6925207756232687
53569,2.685082872928177
53631,2.677685950413223
53729,2.673076923076923
53976,2.6794520547945204
54038,2.6721311475409837
54100,2.664850136239782
54162,2.657608695652174
54486,2.669376693766938
54548,2.6621621621621623
54723,2.6630727762803232
54785,2.6559139784946235
54847,2.648793565683646
54909,2.641711229946524
54971,2.6346666666666665
55218,2.640957446808511
55280,2.6339522546419096
55455,2.634920634920635
55630,2.6358839050131926
55692,2.6289473684210525
55755,2.622047244094488
56043,2.630890052356021
56105,2.6240208877284594
56167,2.6171875
56301,2.6155844155844155
56363,2.6088082901554404
56461,2.604651162790698
56523,2.597938144329897
56621,2.5938303341902316
56719,2.58974358974359
56817,2.585677749360614
56894,2.5816326530612246
56957,2.5750636132315523
57055,2.5710659898477157
57117,2.5645569620253164
57179,2.558080808080808
57241,2.5516372795969775
57303,2.5452261306532664
57365,2.5388471177944862
57427,2.5325
57489,2.5261845386533666
57551,2.5199004975124377
57613,2.5136476426799006
57711,2.50990099009901
57773,2.5037037037037035
57871,2.5
57933,2.493857493857494
57995,2.4877450980392157
58057,2.4816625916870416
58119,2.475609756097561
58181,2.4695863746958637
58243,2.4635922330097086
58341,2.460048426150121
58403,2.4541062801932365
58465,2.4481927710843374
58527,2.4423076923076925
58738,2.446043165467626
58800,2.4401913875598087
58862,2.4343675417661097
58924,2.4285714285714284
58986,2.4228028503562946
59048,2.4170616113744074
59110,2.4113475177304964
59172,2.4056603773584904
59234,2.4
59296,2.3943661971830985
59394,2.3911007025761126
59456,2.385514018691589
59518,2.37995337995338
59580,2.374418604651163
59678,2.37122969837587
59740,2.365740740740741
59802,2.3602771362586603
59864,2.3548387096774195
59926,2.349425287356322
59988,2.3440366972477062
60086,2.3409610983981692
60261,2.3424657534246576
60323,2.337129840546697
60385,2.331818181818182
60447,2.326530612244898
60509,2.321266968325792
60571,2.3160270880361176
60633,2.310810810810811
60767,2.310112359550562
60829,2.304932735426009
60891,2.2997762863534676
61016,2.299107142857143
61078,2.293986636971047
61140,2.2888888888888888
61202,2.2838137472283813
61264,2.2787610619469025
61326,2.273730684326711
61460,2.2731277533039647
61522,2.268131868131868
61600,2.2653508771929824
61775,2.2669584245076586
61837,2.2620087336244543
61899,2.2570806100217866
62047,2.258695652173913
62181,2.2581344902386116
62315,2.257575757575758
62526,2.26133909287257
62588,2.2564655172413794
62650,2.2516129032258063
62747,2.2489270386266096
62881,2.2483940042826553
63056,2.25
63154,2.2473347547974414
63301,2.248936170212766
63435,2.248407643312102
63497,2.2436440677966103
63708,2.2473572938689217
64181,2.2658227848101267
64243,2.261052631578947
64692,2.2794117647058822
64790,2.2767295597484276
65566,2.311715481171548
65903,2.3235908141962422
66078,2.325
66253,2.3264033264033266
66654,2.340248962655602
67168,2.360248447204969
67605,2.37603305785124
68223,2.402061855670103
68547,2.411522633744856
68691,2.4127310061601643
68990,2.4221311475409837
69879,2.462167689161554
70013,2.4612244897959186
70337,2.470468431771894
70774,2.4857723577235773
70959,2.4888438133874238
71325,2.5020242914979756
71505,2.505050505050505
71648,2.506048387096774
71715,2.5030181086519114
71926,2.5060240963855422
72106,2.509018036072144
72180,2.506
72279,2.502994011976048
72413,2.50199203187251
72511,2.4990059642147116
72722,2.501984126984127
72799,2.499009900990099
72862,2.494071146245059
73196,2.504930966469428
73484,2.5118110236220472
73731,2.5166994106090375
73831,2.5137254901960784
73929,2.5107632093933465
74074,2.51171875
74182,2.5107212475633527
74246,2.5058365758754864
74382,2.504854368932039
74516,2.503875968992248
74581,2.4990328820116052
74833,2.505791505791506
74978,2.5067437379576107
75302,2.5153846153846153
75638,2.525911708253359
75772,2.524904214559387
75880,2.5239005736137665
75952,2.5209923664122136
76094,2.521904761904762
76351,2.5285171102661597
76422,2.52561669829222
76522,2.522727272727273
76593,2.5198487712665405
76669,2.516981132075472
76738,2.5141242937853105
76872,2.513157894736842
76944,2.5103189493433398
77056,2.5093632958801497
77160,2.508411214953271
77297,2.5074626865671643
77366,2.5046554934823093
77464,2.5018587360594795
77526,2.49721706864564
77597,2.4944444444444445
77775,2.4953789279112755
77837,2.4907749077490773
77940,2.4898710865561693
78079,2.4908088235294117
78145,2.4862385321100917
78216,2.4835164835164836
78350,2.482632541133455
78642,2.489051094890511
78704,2.4845173041894353
78841,2.4836363636363634
78939,2.4809437386569875
79158,2.4855072463768115
79263,2.484629294755877
79402,2.4855595667870034
79508,2.4846846846846846
79608,2.4820143884892087
79679,2.47935368043088
79928,2.4838709677419355
80026,2.481216457960644
80124,2.4785714285714286
80227,2.477718360071301
80515,2.4839857651245554
80625,2.483126110124334
80803,2.484042553191489
80948,2.4849557522123895
81010,2.480565371024735
81150,2.4814814814814814
81370,2.4859154929577465
81437,2.483304042179262
81767,2.492982456140351
81834,2.490367775831874
81901,2.487762237762238
82035,2.486910994764398
82443,2.5
82513,2.497391304347826
82615,2.4947916666666665
82723,2.4939341421143846
83017,2.5017301038062283
83087,2.4991364421416233
83156,2.496551724137931
83407,2.5008605851979344
83474,2.4982817869415808
83574,2.4957118353344767
83644,2.493150684931507
83822,2.494017094017094
83891,2.491467576791809
83964,2.4889267461669506
84068,2.488095238095238
84135,2.4855687606112054
84238,2.4847457627118645
84341,2.483925549915398
84410,2.481418918918919
84513,2.480607082630691
84585,2.478114478114478
84835,2.4823529411764707
84971,2.4815436241610738
85038,2.4790619765494135
85219,2.4816053511705687
85286,2.4791318864774623
85353,2.4766666666666666
85532,2.4775374376039934
85895,2.4867109634551494
86031,2.485903814262023
86172,2.486754966887417
86311,2.487603305785124
86452,2.4884488448844886
86519,2.485996705107084
86659,2.486842105263158
87035,2.497536945812808
87135,2.495081967213115
87202,2.492635024549918
87337,2.491830065359477
87443,2.4910277324632952
87846,2.501628664495114
87988,2.502439024390244
88125,2.5016233766233764
88190,2.4975688816855754
88254,2.4935275080906147
88671,2.505654281098546
88916,2.509677419354839
88993,2.5072463768115942
89288,2.514469453376206
89436,2.5152487961476724
89654,2.519230769230769
90557,2.552
90947,2.562300319488818
91271,2.569377990430622
91869,2.589171974522293
92645,2.615262321144674
93195,2.6317460317460317
93263,2.629160063391442
93743,2.643987341772152
93962,2.647709320695103
94484,2.6640378548895898
94988,2.678740157480315
95058,2.6761006289308176
95198,2.6766091051805336
95305,2.675548589341693
95444,2.676056338028169
95547,2.675
95614,2.672386895475819
95755,2.6728971962616823
95896,2.6734059097978227
95958,2.669254658385093
96056,2.6666666666666665
96161,2.6656346749226008
96529,2.6754250386398764
96600,2.6728395061728394
96741,2.6733436055469952
96834,2.670769230769231
97040,2.672811059907834
97180,2.673312883435583
97278,2.670750382848392
97407,2.669724770642202
97618,2.6717557251908395
98024,2.682926829268293
98114,2.680365296803653
98587,2.6930091185410334
98649,2.6889226100151746
98711,2.684848484848485
98780,2.682299546142209
98884,2.6812688821752264
98989,2.6802413273001506
99087,2.677710843373494
99411,2.6842105263157894
99551,2.684684684684685
99806,2.689655172413793
99868,2.68562874251497
100079,2.687593423019432
100254,2.6880597014925374
100352,2.685543964232489
100414,2.681547619047619
100625,2.6835066864784545
100687,2.679525222551929
100823,2.6785185185185183
101040,2.6819526627218937
101215,2.682422451994092
101313,2.6799410029498527
101375,2.6759941089837995
101741,2.6852941176470586
101988,2.688693098384728
102123,2.687683284457478
102192,2.685212298682284
102255,2.681286549707602
102728,2.6934306569343067
102903,2.693877551020408
103001,2.6914119359534205
103108,2.690406976744186
103212,2.6894049346879534
103575,2.697101449275362
103786,2.698986975397974
103889,2.697976878612717
104140,2.7012987012987013
104212,2.6988472622478388
104284,2.696402877697842
104418,2.6954022988505746
104552,2.6944045911047345
104763,2.696275071633238
104868,2.6952789699570814
104940,2.692857142857143
105793,2.7189728958630526
105862,2.7165242165242165
105931,2.7140825035561877
105993,2.710227272727273
106091,2.707801418439716
106193,2.7053824362606234
106589,2.7142857142857144
106658,2.711864406779661
106905,2.7150916784203103
106973,2.712676056338028
107520,2.727144866385373
108945,2.7752808988764044
109162,2.7784011220196354
109224,2.7745098039215685
109555,2.7818181818181817
109622,2.7793296089385473
109953,2.786610878661088
110241,2.7910863509749304
110758,2.803894297635605
110826,2.801388888888889
111073,2.8044382801664356
111778,2.8254847645429364
112025,2.8284923928077457
112462,2.838397790055249
112596,2.837241379310345
112814,2.840220385674931
113025,2.8418156808803303
113316,2.8461538461538463
113378,2.842249657064472
113596,2.845205479452055
113658,2.841313269493844
113720,2.837431693989071
113854,2.8362892223738063
115468,2.8896457765667574
116249,2.912925170068027
116496,2.9157608695652173
117360,2.9416553595658073
117463,2.940379403794038
117764,2.945872801082544
118237,2.9567567567567568
118494,2.960863697705803
119080,2.975741239892183
119330,2.9784656796769853
120083,3.0
121921,3.0604026845637584
122507,3.0750670241286864
123891,3.1191432396251675
124138,3.121657754010695
125173,3.1522029372496663
125882,3.172
126366,3.1837549933422102
126587,3.1861702127659575
126774,3.187250996015936
127031,3.1909814323607426
127129,3.1880794701986757
127427,3.193121693121693
127726,3.1981505944517834
127948,3.2005277044854883
128647,3.2187088274044795
129536,3.2434210526315788
129670,3.2417871222076213
129768,3.2388451443569553
130015,3.241153342070773
130113,3.238219895287958
130938,3.261437908496732
131161,3.2637075718015667
131336,3.2633637548891787
131557,3.265625
131958,3.2730819245773732
132020,3.2688311688311686
132808,3.2905317769130997
132906,3.2875647668393784
133277,3.294954721862872
133488,3.295865633074935
133735,3.298064516129032
133869,3.2963917525773194
134013,3.296010296010296
134158,3.295629820051414
134303,3.295250320924262
134853,3.3076923076923075
135290,3.3162612035851473
135352,3.312020460358056
136277,3.3371647509578546
136411,3.3354591836734695
136928,3.346496815286624
138721,3.400763358778626
138819,3.397712833545108
138881,3.3934010152284264
139693,3.414448669201521
139940,3.4164556962025316
140151,3.4171934260429837
140439,3.4204545454545454
140501,3.416141235813367
140748,3.4181360201511337
141447,3.4352201257861634
141545,3.4321608040201004
141819,3.435382685069009
142595,3.454887218045113
143212,3.469336670838548
144101,3.4925
144166,3.488139825218477
144460,3.4925187032418954
145575,3.523038605230386
146438,3.5460199004975124
147449,3.5739130434782607
147660,3.574441687344913
147750,3.5712515489467163
149612,3.626237623762376
149746,3.6242274412855378
150748,3.6506172839506172
151072,3.6547472256473488
151206,3.6527093596059115
151417,3.6531365313653135
151628,3.6535626535626538
152178,3.665030674846626
153380,3.698529411764706
153881,3.708690330477356
154180,3.7127139364303177
154468,3.7155067155067156
154792,3.7195121951219514
155106,3.7235079171741776
155328,3.725060827250608
155575,3.726609963547995
156099,3.737864077669903
156197,3.7345454545454544
156525,3.738498789346247
156932,3.7460701330108828
157941,3.7729468599033815
158824,3.7949336550060315
159011,3.7951807228915664
159105,3.7918170878459687
159211,3.7896634615384617
159283,3.786314525810324
159982,3.802158273381295
160056,3.798802395209581
160355,3.8026315789473686
160494,3.801672640382318
161190,3.8174224343675416
161298,3.8152562574493443
161516,3.816666666666667
161655,3.815695600475624
161803,3.8147268408551067
161943,3.8137603795966784
162011,3.81042654028436
162116,3.808284023668639
162892,3.826241134751773
163111,3.8276269185360094
163929,3.847877358490566
164338,3.8551236749116606
164446,3.8529411764705883
164580,3.8507638072855466
164685,3.8485915492957745
165170,3.858147713950762
165276,3.8559718969555035
165344,3.8526315789473684
165566,3.8539719626168223
165940,3.8599766627771297
166164,3.8613053613053614
166298,3.8591385331781143
166427,3.8569767441860465
166533,3.8548199767711964
166970,3.8619489559164735
167450,3.8713789107763614
168349,3.8935185185185186
168589,3.8947976878612716
169398,3.9133949191685913
169845,3.9215686274509802
169950,3.9193548387096775
170026,3.9159953970080554
170100,3.9126436781609195
170173,3.9092996555683124
170356,3.9094036697247705
170463,3.9072164948453607
170539,3.9038901601830664
170614,3.9005714285714284
170686,3.8972602739726026
170758,3.893956670467503
170905,3.8929384965831435
171015,3.8907849829351537
171084,3.8875
171190,3.8853575482406355
171265,3.8820861678004537
171340,3.878822197055493
171446,3.8766968325791855
171522,3.8734463276836157
171629,3.871331828442438
171701,3.8680947012401354
171771,3.864864864864865
171838,3.861642294713161
171981,3.8606741573033707
172051,3.857463524130191
172122,3.8542600896860986
172197,3.851063829787234
172267,3.8478747203579418
172336,3.844692737430168
172444,3.8426339285714284
172517,3.839464882943144
172588,3.8363028953229397
172660,3.8331479421579533
172736,3.83
172807,3.8268590455049947
172881,3.8237250554323725
172956,3.820598006644518
173029,3.8174778761061945
173097,3.8143646408839778
173174,3.8112582781456954
173243,3.8081587651598676
173318,3.805066079295154
173391,3.801980198019802
173462,3.7989010989010987
173534,3.79582875960483
173604,3.7927631578947367
173749,3.791894852135816
173823,3.788840262582057
173966,3.787978142076503
174075,3.7860262008733625
174216,3.7851690294438387
174291,3.7821350762527235
174364,3.779107725788901
174434,3.776086956521739
174504,3.773072747014115
174686,3.7733188720173536
174763,3.770314192849404
174831,3.767316017316017
174899,3.7643243243243245
174968,3.76133909287257
175038,3.7583603020496223
175111,3.7553879310344827
175182,3.752421959095802
175287,3.750537634408602
175357,3.7475832438238452
175467,3.745708154506438
175538,3.742765273311897
175644,3.740899357601713
175746,3.7379679144385025
175852,3.736111111111111
175924,3.733191035218783
176038,3.7313432835820897
176145,3.729499467518637
176214,3.726595744680851
176320,3.724760892667375
176396,3.721868365180467
176584,3.7221633085896078
176726,3.7213983050847457
176867,3.7206349206349207
176939,3.7177589852008457
177046,3.7159450897571276
177116,3.7130801687763713
177225,3.7112750263435195
177297,3.708421052631579
177366,3.705573080967403
177473,3.703781512605042
177614,3.703043022035677
177690,3.70020964360587
177761,3.6973821989528797
177833,3.694560669456067
177902,3.6917450365726228
177976,3.6889352818371606
178045,3.6861313868613137
178115,3.683333333333333
178255,3.6826222684703436
178326,3.67983367983368
178624,3.683281412253375
178809,3.683609958506224
178954,3.682901554404145
179031,3.6801242236024843
179108,3.6773526370217167
179258,3.6766528925619837
179326,3.673890608875129
179397,3.6711340206185565
179616,3.6725025746652937
179722,3.6707818930041154
179831,3.6690647482014387
179906,3.666324435318275
180012,3.664615384615385
180125,3.6629098360655736
180230,3.661207778915046
180414,3.6615541922290387
180521,3.6598569969356487
180591,3.657142857142857
180698,3.655453618756371
180796,3.6527494908350304
181018,3.65412004069176
181089,3.6514227642276422
181202,3.649746192893401
181273,3.6470588235294117
181343,3.6443768996960486
181413,3.6417004048582995
181631,3.643073811931244
181739,3.6414141414141414
181965,3.6427850655903127
182036,3.6401209677419355
182177,3.6394763343403826
182249,3.63682092555332
182320,3.634170854271357
182398,3.6315261044176705
182539,3.6308926780341024
182726,3.6312625250501003
182870,3.630630630630631
182977,3.629
183046,3.6263736263736264
183150,3.624750499001996
183410,3.6271186440677967
183517,3.6254980079681274
183659,3.6248756218905474
183772,3.6232604373757455
183849,3.6206554121151937
183918,3.6180555555555554
183988,3.6154608523290386
184093,3.613861386138614
184165,3.6112759643916914
184303,3.6096837944664033
184375,3.6071076011846004
184480,3.6055226824457596
184586,3.6039408866995073
184842,3.606299212598425
184910,3.6037364798426745
184979,3.601178781925344
185093,3.5996074582924438
185170,3.597058823529412
185310,3.596474045053869
185380,3.5939334637964775
185456,3.5913978494623655
185532,3.5888671875
185604,3.5863414634146342
185711,3.584795321637427
185785,3.5822784810126582
185895,3.580739299610895
185966,3.578231292517007
186039,3.5757281553398057
186149,3.574199806013579
186220,3.5717054263565893
186287,3.569215876089061
186428,3.5686653771760155
186538,3.5671497584541063
186608,3.5646718146718146
186715,3.563162970106075
186786,3.560693641618497
186894,3.559191530317613
187003,3.5576923076923075
187073,3.5552353506243994
187260,3.555662188099808
187334,3.5532118887823585
187557,3.5545977011494254
187669,3.5531100478468898
187774,3.551625239005736
187956,3.5520534861509074
188138,3.552480916030534
188324,3.5529075309818876
188512,3.5533333333333332
188586,3.550903901046622
188655,3.5484790874524714
188731,3.5460588793922128
188842,3.544592030360531
189102,3.546919431279621
189210,3.5454545454545454
189277,3.543046357615894
189421,3.5425330812854443
189533,3.5410764872521248
189679,3.540566037735849
189932,3.5428840716305374
190010,3.5404896421845575
190458,3.5475070555032926
190567,3.5460526315789473
190787,3.5474178403755867
190900,3.5459662288930582
191075,3.5454545454545454
191094,3.542134831460674
191113,3.538821328344247
191132,3.5355140186915888
191151,3.5322128851540615
191170,3.528917910447761
191189,3.5256290773532153
191208,3.522346368715084
191227,3.5190697674418603
191246,3.5157992565055762
191265,3.512534818941504
191284,3.5092764378478662
191303,3.5060240963855422
191322,3.5027777777777778
191341,3.4995374653098983
191360,3.4963031423290203
191379,3.4930747922437675
191398,3.4898523985239853
191417,3.4866359447004607
191436,3.483425414364641
191455,3.480220791168353
191474,3.4770220588235294
191493,3.4738292011019283
191512,3.4706422018348624
191793,3.472960586617782
192153,3.477106227106227
192408,3.4794144556267153
192506,3.4771480804387567
192717,3.477625570776256
192811,3.4753649635036497
192882,3.4731084776663628
192980,3.470856102003643
193126,3.470427661510464
193252,3.4690909090909092
193326,3.466848319709355
193434,3.4655172413793105
193543,3.4641885766092475
193903,3.4682971014492754
193977,3.4660633484162897
194274,3.469258589511754
194346,3.4670280036133696
194443,3.4648014440433212
194586,3.4643823264201985
194659,3.462162162162162
194721,3.459045904590459
195200,3.466726618705036
195278,3.4645103324348607
195353,3.46229802513465
195431,3.4600896860986547
195544,3.4587813620071683
195685,3.4583706356311548
195761,3.4561717352415027
195868,3.454870420017873
195977,3.4535714285714287
196188,3.454058876003568
196298,3.4527629233511585
196481,3.4532502226179878
196558,3.451067615658363
196852,3.454222222222222
197071,3.455595026642984
197175,3.4543034605146405
197663,3.4618794326241136
197733,3.4596988485385296
197867,3.4584070796460176
197944,3.456233421750663
198019,3.454063604240283
198129,3.4527802294792584
198234,3.451499118165785
198310,3.449339207048458
198383,3.4471830985915495
198487,3.445910290237467
198564,3.4437609841827768
198638,3.4416154521510096
198779,3.4412280701754385
198893,3.4399649430324275
198968,3.4378283712784588
199082,3.436570428696413
199156,3.4344405594405596
199261,3.433187772925764
199402,3.432809773123909
199507,3.4315605928509156
199576,3.4294425087108014
199651,3.4273281114012186
199745,3.425217391304348
199895,3.424847958297133
199972,3.4227430555555554
200047,3.4206418039895925
200151,3.419410745233969
200219,3.4173160173160175
200328,3.4160899653979238
200436,3.4148660328435607
200504,3.412780656303972
200654,3.4124245038826575
200722,3.410344827586207
200790,3.408268733850129
200895,3.4070567986230635
200999,3.405846947549441
201107,3.404639175257732
201175,3.4025751072961374
201244,3.4005145797598626
201313,3.398457583547558
201382,3.396404109589041
201492,3.395209580838323
201561,3.393162393162393
201630,3.391118701964133
201744,3.3899317406143346
201852,3.3887468030690537
201925,3.3867120954003407
202030,3.385531914893617
202179,3.385204081632653
202252,3.383177570093458
202325,3.3811544991511036
202393,3.3791348600508906
202461,3.3771186440677967
202530,3.3751058425063505
202634,3.3739424703891707
202708,3.371935756551141
202848,3.3716216216216215
202917,3.369620253164557
202986,3.367622259696459
203189,3.3681550126368998
203295,3.367003367003367
203619,3.370058873002523
203988,3.3747899159663866
204283,3.3778337531486144
204433,3.37751677852349
204531,3.3755238893545685
204640,3.3743718592964824
204738,3.3723849372384938
204872,3.37123745819398
204949,3.3692564745196325
205204,3.3714524207011687
205289,3.3694745621351125
205500,3.37
205634,3.368859283930058
205776,3.368552412645591
205845,3.3665835411471323
206141,3.3696013289036544
206624,3.3767634854771784
206806,3.3772802653399667
206953,3.376967688483844
207040,3.375
207265,3.3763440860215055
207377,3.375206611570248
207447,3.3732452518579685
207554,3.372112211221122
207627,3.370156636438582
207689,3.367380560131796
207795,3.366255144032922
207865,3.364309210526316
207999,3.363188167625308
208097,3.361247947454844
208195,3.359310910582445
208257,3.3565573770491803
208391,3.3554463554463556
208525,3.3543371522094927
208659,3.3532297628781684
208870,3.3537581699346406
209194,3.356734693877551
209340,3.356443719412724
209598,3.358598207008965
209933,3.3623778501628663
210067,3.3612693246541903
210165,3.359349593495935
210263,3.3574329813160033
210325,3.354707792207792
210431,3.353609083536091
210493,3.3508914100486225
210635,3.350607287449393
210780,3.350323624595469
210842,3.347615198059822
210940,3.345718901453958
211002,3.343018563357546
211136,3.3419354838709676
211234,3.340048348106366
211368,3.3389694041867957
211502,3.337892196299276
211564,3.335209003215434
211671,3.3341365461847388
211733,3.331460674157303
211839,3.330392943063352
211937,3.328525641025641
211999,3.325860688550841
212174,3.3256
212385,3.326139088729017
212526,3.3258785942492013
212588,3.323224261771748
212650,3.3205741626794256
212784,3.3195219123505977
212846,3.31687898089172
212908,3.3142402545743836
213042,3.313195548489666
213118,3.311358220810167
213216,3.3095238095238093
213427,3.310071371927042
213602,3.309825673534073
213700,3.3079968329374507
213762,3.305379746835443
213824,3.3027667984189724
214148,3.3056872037914693
214256,3.3046566692975534
214354,3.302839116719243
214763,3.3081166272655635
214897,3.3070866141732282
214959,3.3044846577498035
215021,3.30188679245283
215268,3.3032207384131973
215330,3.3006279434850865
215731,3.3050980392156863
215865,3.304075235109718
215927,3.301487862176977
216259,3.3051643192488265
216845,3.313526192337764
217133,3.315625
217606,3.321623731459797
217966,3.3252730109204367
218177,3.3257989088074824
219970,3.3590342679127727
220710,3.3704280155642024
220921,3.3709175738724726
221245,3.3737373737373737
221492,3.375
221739,3.3762606671838635
221937,3.3767441860465115
223213,3.399690162664601
223912,3.4102167182662537
223974,3.4075792730085075
224411,3.412673879443586
224779,3.416988416988417
225139,3.4205246913580245
226141,3.4371626831148805
226275,3.436055469953775
226938,3.4457274826789837
227276,3.4492307692307693
227410,3.4481168332052268
228073,3.457757296466974
228736,3.467382962394474
228870,3.4662576687116564
229054,3.466666666666667
229188,3.4655436447166923
229399,3.4659525631216526
229497,3.464067278287462
229708,3.4644766997708176
230068,3.46793893129771
230202,3.466819221967963
230716,3.473323170731707
231004,3.4752475247524752
231292,3.4771689497716896
231467,3.47680608365019
232618,3.4962006079027357
232906,3.498101746393318
233117,3.498482549317147
233292,3.4981046247156935
233503,3.4984848484848485
233565,3.4958364875094627
233663,3.493948562783661
233725,3.491307634164777
234049,3.4939577039274923
234183,3.492830188679245
234584,3.4969834087481146
234646,3.4943481537302183
234708,3.4917168674698793
234955,3.492851768246802
235017,3.4902255639097746
235305,3.4921111945905334
235480,3.4917417417417416
235614,3.490622655663916
235712,3.4887556221889056
236000,3.4906367041198503
236175,3.4902694610778444
236309,3.489154824233358
236407,3.4872944693572494
236654,3.488424197162061
236829,3.488059701492537
236891,3.4854586129753913
237066,3.485096870342772
237164,3.483246463142219
237375,3.4836309523809526
237437,3.4810408921933087
237797,3.484398216939079
237931,3.483296213808463
238106,3.4829376854599405
238204,3.4810971089696072
238332,3.48
238430,3.478164322723908
238528,3.4763313609467454
238626,3.47450110864745
238760,3.4734121122599704
238822,3.4708487084870847
239033,3.4712389380530975
239095,3.468680913780398
239157,3.4661266568483065
239219,3.4635761589403975
239430,3.463970588235294
239492,3.461425422483468
239590,3.4596182085168867
239878,3.4614820249449743
240438,3.469208211143695
240536,3.4673992673992675
240747,3.4677891654465594
240987,3.468910021945867
241573,3.4766081871345027
241784,3.476990504017531
242078,3.4795620437956205
242253,3.4792122538293215
242613,3.4825072886297375
242965,3.485797523670794
243099,3.48471615720524
243233,3.4836363636363634
243367,3.4825581395348837
243465,3.4807552650689906
244842,3.5036284470246732
245242,3.5076142131979697
245792,3.5144927536231885
246078,3.516292541636495
246854,3.5274963820549927
247266,3.532176428054953
247354,3.5303468208092488
247440,3.528519855595668
247773,3.5317460317460316
247948,3.5313626532083635
248421,3.536743515850144
248632,3.537077033837293
248807,3.5366906474820143
248905,3.5348670021567217
249039,3.533764367816092
249389,3.5369705671213207
249520,3.5358680057388807
249618,3.5340501792114694
249680,3.531518624641834
249743,3.528990694345025
250271,3.535765379113019
250482,3.536097212294496
250837,3.539285714285714
250899,3.5367594575303354
251099,3.537089871611983
251416,3.539558089807555
251550,3.5384615384615383
251684,3.5373665480427046
252562,3.55049786628734
252773,3.550817341862118
252984,3.5511363636363638
253118,3.5500354861603975
255101,3.583687943262411
256002,3.5974486180014176
256177,3.5970254957507084
256763,3.6043878273177636
256974,3.6046676096181045
257221,3.60565371024735
257884,3.614406779661017
258244,3.617501764290755
258455,3.617771509167842
259231,3.62861169837914
259442,3.62887323943662
259653,3.629134412385644
259900,3.630098452883263
260104,3.63035839775123
260202,3.628511235955056
260865,3.63719298245614
261718,3.6493688639551194
262823,3.6664330763840223
263624,3.6778711484593836
266470,3.727081875437369
266604,3.725874125874126
267077,3.7309573724668064
268124,3.7472067039106145
269578,3.7704117236566645
273301,3.836122733612273
273521,3.8369337979094076
273761,3.8377437325905293
274582,3.849686847599165
275732,3.8671766342141862
275943,3.86726893676164
278856,3.917361111111111
279103,3.918112421929216
279459,3.9209431345353676
282159,3.9667359667359667
282935,3.977146814404432
283069,3.9757785467128026
283619,3.9820193637621024
284842,4.000691085003456
284976,3.9993093922651934
285300,4.001380262249827
286677,4.022758620689655
287566,4.035148173673329
287839,4.0365013774104685
288050,4.0364762560220235
288134,4.034387895460798
289362,4.0529209621993125
292764,4.111263736263736
293492,4.12079615648593
294332,4.132373113854595
294579,4.132967786154901
295391,4.1438356164383565
295792,4.147159479808351
295997,4.147058823529412
297225,4.165413533834586
298982,4.1933060109289615
299218,4.193856655290102
300096,4.206002728512961
301428,4.226312201772324
302014,4.232970027247957
303929,4.264125255275697
304140,4.263945578231293
305029,4.276002719238613
306596,4.300271739130435
306920,4.3021045485403935
307167,4.30257801899593
307485,4.304406779661017
307845,4.306910569105691
308133,4.308056872037914
308457,4.309878213802436
308579,4.308316430020284
308790,4.308108108108108
308888,4.305874409182985
309176,4.307017543859649
309351,4.306136210384356
309901,4.311994609164421
309999,4.30976430976431
310442,4.314266487213997
310617,4.313382649630128
311131,4.318548387096774
311193,4.315648085963734
312986,4.3436241610738255
314370,4.36485580147552
317150,4.410857908847185
317561,4.414601473543201
318707,4.431057563587684
319067,4.433444816053512
319314,4.4338235294117645
320650,4.4535738142952574
327641,4.573431241655541
328222,4.579719813208806
328581,4.582
329046,4.586275816122585
329620,4.59254327563249
329718,4.590153027278776
331978,4.6263297872340425
333016,4.640531561461794
333789,4.650066401062417
334027,4.650298606502986
335404,4.6704244031830235
336180,4.679920477137177
336504,4.6814569536423845
337244,4.690271343481139
337370,4.688492063492063
337468,4.686054196959683
338131,4.693527080581242
338455,4.695049504950495
339001,4.700527704485488
339099,4.698088332234674
339161,4.694993412384717
339336,4.6938775510204085
340415,4.708552631578947
340626,4.708086785009862
342164,4.731274638633377
342601,4.73473407747866
342812,4.734251968503937
343285,4.738360655737705
343758,4.742463958060289
343856,4.7400130975769486
344406,4.74541884816754
344540,4.743623283191629
344638,4.741176470588235
344736,4.738732854343566
344860,4.736945169712794
344953,4.734507501630789
345991,4.748370273794003
346166,4.747231270358307
346680,4.751953125
346968,4.752765126870527
347482,4.757477243172952
347693,4.756985055230669
348155,4.761038961038961
348628,4.765087605451006
349787,4.781452658884565
350147,4.783538561244329
350383,4.783678756476684
350922,4.788996763754045
351323,4.791720569210867
352430,4.80672268907563
352540,4.804909560723514
353778,4.822466107165914
353854,4.82
354404,4.8252740167633785
355216,4.835051546391752
355452,4.835157759175789
355630,4.833976833976834
355702,4.831511254019293
356452,4.840616966580977
356709,4.841361592806679
358086,4.860718870346598
358184,4.858242463117383
358283,4.855769230769231
358720,4.859064702114029
359270,4.8642765685019205
359481,4.863723608445298
359841,4.865728900255754
360165,4.867092651757188
360263,4.864623243933589
360700,4.867900446713465
361925,4.884566326530612
362927,4.897386870618228
363353,4.900636942675159
364726,4.919796308084023
367059,4.955470737913486
368697,4.979020979020979
369162,4.98284625158831
369296,4.980952380952381
370185,4.991751269035533
370389,4.991122384273938
370636,4.991128010139417
371068,4.994300189993667
371356,4.9949367088607595
371906,5.0
372795,5.010745891276865
373268,5.01452937460518
373931,5.021464646464646
375498,5.043533123028391
376161,5.050441361916771
376372,5.0497794580970385
377081,5.057934508816121
377631,5.062932662051605
378192,5.068553459119497
378526,5.070395977372722
379854,5.08856783919598
381647,5.114249843063402
382197,5.119196988707654
382855,5.126018808777429
382962,5.12406015037594
383282,5.125234815278647
384315,5.138297872340425
384761,5.141963727329581
385326,5.1475
385581,5.148032479700188
386164,5.153558052434457
387277,5.167810355583281
387637,5.169576059850374
387795,5.168224299065421
388294,5.172478206724782
389117,5.1823273179838205
389657,5.187189054726368
389755,5.184586699813549
390978,5.200621118012422
392206,5.216635630043451
393508,5.233870967741935
393945,5.236825790452573
394382,5.239776951672862
396128,5.264396284829721
396666,5.2691831683168315
396999,5.270871985157699
397097,5.26823238566131
397421,5.269302038295244
398419,5.281481481481482
399015,5.2874768661320175
399259,5.287299630086313
400307,5.300677757239679
401009,5.307881773399015
401892,5.318153846153846
402262,5.320418204182042
402410,5.318992009834051
403006,5.324938574938575
403140,5.322897483118478
403210,5.3202453987730065
403486,5.320662170447578
403820,5.322303921568627
404929,5.336191059399877
405186,5.336597307221542
405397,5.335779816513761
405531,5.333740831295843
405638,5.331704337202199
406112,5.335164835164835
406297,5.334350213544845
406595,5.335365853658536
406965,5.337599024984765
407110,5.336175395858709
407539,5.339013998782715
407647,5.3369829683698295
407860,5.336170212765958
407931,5.333535844471446
408473,5.33819064966606
410050,5.359830097087379
411137,5.373559733171619
411548,5.376363636363636
411691,5.374924288310115
412215,5.37953995157385
412811,5.385359951603146
412883,5.382708585247884
413025,5.381268882175227
413132,5.379227053140097
413203,5.376584188292094
413274,5.37394451145959
413372,5.371308016877637
413557,5.370481927710843
413701,5.369054786273329
413808,5.367027677496991
414045,5.366806975345761
414229,5.365985576923077
414336,5.363963963963964
414407,5.361344537815126
414514,5.359328134373126
414699,5.358513189448441
414920,5.358298382264829
414990,5.355688622754491
415097,5.353680430879713
415448,5.355263157894737
415885,5.3580394500896595
416096,5.357228195937873
416194,5.354626865671642
416302,5.352625298329356
416445,5.3512224209898624
416552,5.349225268176401
416775,5.349017272185825
416880,5.34702380952381
417099,5.34681737061273
417459,5.348394768133175
417530,5.3458110516934045
417628,5.343230403800475
417700,5.340652818991098
417920,5.340450771055753
418018,5.337877889745109
418089,5.335308056872038
418232,5.333925399644761
418302,5.331360946745562
418635,5.332939089296274
419298,5.339243498817967
419442,5.337861783815712
420191,5.345926800472255
420438,5.345722713864307
420960,5.350235849056604
421094,5.348261638185033
421305,5.347467608951708
421448,5.3460859329017065
421686,5.345882352941176
421870,5.345091122868901
422013,5.343713278495887
422267,5.344098649442161
422374,5.342136150234742
422482,5.340175953079179
422590,5.338218053927315
422688,5.335676625659051
423012,5.336651053864169
423364,5.3382094792276185
423433,5.335672514619883
423502,5.333138515488018
423607,5.331191588785047
423967,5.332749562171629
424109,5.331388564760793
424243,5.329446064139941
424384,5.328088578088578
424595,5.327315084449621
425249,5.333527357392317
425467,5.333333333333333
426043,5.338372093023255
426395,5.339918651946543
426710,5.340882694541231
426844,5.338943702843877
427025,5.338167053364269
427732,5.345507246376812
427821,5.342989571263036
427929,5.341053850607991
428027,5.338541666666667
429134,5.351648351648351
429368,5.351445086705202
429841,5.35470826112074
430278,5.357390300230947
430363,5.354875937680323
430459,5.3523644752018456
430783,5.353314121037464
431892,5.3663594470046085
432067,5.364997121473805
432129,5.361910241657077
432263,5.35997699827487
432551,5.360344827586207
432952,5.362435381964389
433020,5.359931113662457
433719,5.366609294320138
433894,5.365252293577981
434105,5.364469914040114
434290,5.36368843069874
434537,5.363480251860332
435765,5.378146453089244
435976,5.377358490566038
436562,5.382285714285715
436773,5.381496287835523
436846,5.378995433789954
437848,5.390188248716486
438095,5.389965792474344
438193,5.387464387464387
439223,5.399202733485193
439583,5.400682982356289
440630,5.412969283276451
440954,5.413871517907902
441617,5.419886363636364
441954,5.421351504826803
442052,5.418842224744608
442638,5.423709585933069
443337,5.430272108843537
444149,5.438526912181303
444616,5.44167610419026
444856,5.441426146010187
444954,5.4389140271493215
445314,5.440361786319955
445781,5.443502824858757
446212,5.446075663466968
446762,5.450338600451468
446973,5.4495205865764245
447624,5.455467869222097
448626,5.466478873239437
449715,5.479166666666667
449804,5.476646032639279
450122,5.477502812148481
451047,5.487352445193929
452388,5.503370786516854
453194,5.511510387422796
453934,5.518518518518518
454998,5.530566461020752
456141,5.54372197309417
456457,5.54453781512605
458579,5.572228443449048
458702,5.570229434806939
459062,5.5715883668903805
460403,5.587479038569033
461775,5.60391061452514
464133,5.634840871021775
464204,5.632254464285714
464969,5.639709983268266
465442,5.642697881828316
467231,5.665181058495822
470007,5.702115812917595
470478,5.7050639955481355
470542,5.701890989988876
473564,5.742634797109505
474989,5.76
475200,5.759022765130483
476040,5.767480577136515
476141,5.76483638380477
477143,5.77549889135255
479872,5.811634349030471
480345,5.814507198228129
480669,5.815163254012175
480759,5.8125
481561,5.820342730790492
484032,5.852486187845304
484582,5.856432909994478
485352,5.863686534216336
485951,5.8687258687258685
487074,5.881477398015435
487172,5.878787878787879
487645,5.881607929515418
487844,5.8805723720418275
487978,5.878437843784378
488225,5.877954920285871
489001,5.885164835164836
489086,5.882482152663372
489186,5.879802414928649
489463,5.87986834887548
489561,5.87719298245614
490254,5.8832876712328765
490493,5.882803943044907
491294,5.8905309250136835
491505,5.889496717724289
491752,5.889010388190268
493545,5.910928961748634
494660,5.922992900054615
494871,5.921943231441048
495899,5.932896890343699
496138,5.932388222464558
496349,5.93133514986376
496822,5.934095860566448
497788,5.94393032117583
497850,5.94069640914037
498287,5.942903752039152
498611,5.943478260869565
498935,5.944052145573058
499182,5.943539630836048
499386,5.9424850786760715
500275,5.95119305856833
501015,5.957723577235773
501113,5.955037919826652
501247,5.952896589063346
501345,5.95021645021645
501479,5.94808004326663
501613,5.945945945945946
501973,5.947055645596975
502107,5.944924406047516
502213,5.942795466810577
502424,5.941747572815534
502748,5.9423180592991915
502959,5.941271551724138
503535,5.945611200861605
504005,5.948331539289558
505233,5.961807423345885
505565,5.962903225806452
505925,5.963997850617948
506222,5.964554242749731
506858,5.969940955448202
507113,5.969957081545064
507585,5.972654155495978
508367,5.980171489817792
508473,5.978039635779325
508579,5.975910064239828
508799,5.975387907972178
509118,5.975935828877005
509322,5.974879743452699
509759,5.977029914529915
509857,5.97437266417512
509991,5.972251867662753
510428,5.9744
511692,5.988272921108742
511754,5.985082578582845
515137,6.029286474973376
516225,6.040979244278872
516521,6.041489361702127
516741,6.04093567251462
518457,6.061105207226355
519007,6.064790228359001
519208,6.063694267515924
520636,6.0801061007957555
521140,6.083244962884412
524664,6.128775834658188
528866,6.1837923728813555
532042,6.224457384859714
532472,6.226455026455026
532901,6.228450555261766
533302,6.229915433403805
535366,6.255150554675119
535797,6.257127771911299
537019,6.270184696569921
538739,6.290084388185654
538829,6.287295730100158
539690,6.295574288724974
540014,6.2959452343338596
540455,6.297894736842105
540887,6.299842188321936
541213,6.3002103049421665
541842,6.304781923279033
541940,6.301995798319328
542076,6.299737532808399
543308,6.312696747114376
543939,6.317252228631358
545997,6.3417190775681345
546286,6.341540073336826
547601,6.356020942408377
548145,6.359497645211931
548719,6.3634937238493725
549156,6.365394668060638
549767,6.369905956112853
551939,6.395822454308094
552104,6.394050104384133
552550,6.396452790818988
553857,6.410323253388947
554155,6.410630536737885
554276,6.408333333333333
554410,6.406038521603332
554839,6.407908428720083
555731,6.416016640665626
556021,6.415800415800415
556155,6.413506493506493
557010,6.421079958463136
557111,6.418266735858848
557483,6.4196058091286305
557585,6.416796267496112
558272,6.422279792746114
558410,6.41998964267219
559077,6.424948240165631
559659,6.428867046042421
561226,6.446225439503619
561324,6.443410852713178
561433,6.441115702479339
562628,6.453278265358803
563178,6.456656346749226
563312,6.454357916451779
565297,6.477319587628866
565701,6.478619268418341
566513,6.485581874356334
566950,6.487390633041688
568546,6.505144032921811
568757,6.5038560411311055
568894,6.501541623843782
568992,6.498715973292245
569178,6.497433264887063
569200,6.494099538224731
569288,6.4912820512820515
570028,6.497180932854946
570126,6.494364754098361
570327,6.493087557603687
570474,6.491299897645854
571175,6.496675191815857
571309,6.49437627811861
571407,6.491568727644354
571767,6.492339121552605
572220,6.494640122511486
572405,6.493367346938776
572580,6.49158592554819
572642,6.488277268093782
572704,6.484971981660723
572806,6.482179226069246
572997,6.480916030534351
573106,6.4786368260427265
573168,6.475343162175903
573190,6.472052845528455
573550,6.472828847130523
573628,6.470050761421319
573952,6.470319634703197
574086,6.468052738336714
574462,6.469336036492651
574899,6.47112462006079
575135,6.470379746835443
575291,6.468623481781377
575488,6.467374810318665
575552,6.464105156723964
575843,6.463870641738252
576090,6.4631313131313135
576656,6.46693589096416
576733,6.4641775983854695
576854,6.461926374180535
576999,6.460181451612903
577339,6.46095717884131
578244,6.469284994964753
578394,6.467539003522899
578508,6.4652917505030185
578570,6.462041226747109
578701,6.459798994974874
578869,6.4580612757408336
579229,6.458835341365462
579435,6.457601605619669
579569,6.455366098294885
579706,6.4531328320802
580016,6.453406813627255
580087,6.450676014021032
580365,6.45045045045045
580479,6.448224112056028
580670,6.447
580784,6.444777611194403
580879,6.442057942057942
581106,6.441337993010484
581219,6.439121756487026
581369,6.437406483790523
581611,6.436689930209372
581761,6.434977578475336
582008,6.434262948207171
582241,6.433549029367844
582391,6.431840796019901
582469,6.4291397314768775
582567,6.426441351888668
582645,6.42374565325385
582722,6.421052631578948
582799,6.4183622828784115
582949,6.416666666666667
583027,6.41398116013882
583238,6.412784935579782
583316,6.410104011887073
583392,6.407425742574257
583505,6.40524492825334
583603,6.402571711177052
583679,6.399901136925358
583793,6.3977272727272725
583871,6.395061728395062
583947,6.392398815399803
584060,6.390231869758264
584138,6.387573964497041
584216,6.384918679152292
584292,6.382266009852216
584369,6.379615952732644
584517,6.377952755905512
584594,6.375307427447122
584670,6.372664700098328
584746,6.37002457002457
584823,6.367387033398821
584898,6.3647520864015705
584974,6.362119725220805
585051,6.359489946051986
585126,6.356862745098039
585202,6.354238118569329
585300,6.351616062683643
585376,6.348996573666177
585487,6.346868884540117
585562,6.344254278728607
585638,6.341642228739003
585727,6.339032730825599
585802,6.33642578125
585878,6.333821376281112
585954,6.331219512195122
586032,6.328620185275476
586145,6.326510721247564
586295,6.3248904042864105
586401,6.322784810126582
586478,6.320194647201946
586592,6.3180933852140075
586669,6.315508021390374
586746,6.312925170068027
586817,6.310344827586207
586893,6.307766990291262
586991,6.305191654536633
587067,6.302618816682832
587144,6.300048473097431
587292,6.2984496124031
587370,6.29588377723971
587448,6.293320425943853
587598,6.2917271407837445
587676,6.2891682785299805
587753,6.286611889801836
587829,6.284057971014493
587906,6.281506518590053
588019,6.279440154440154
588097,6.276893391220454
588211,6.274831243972999
588289,6.272289156626506
588366,6.269749518304431
588444,6.267212325469427
588558,6.265158806544755
589011,6.267436267436268
589386,6.26875
589674,6.268620855358001
590347,6.273775216138328
590494,6.272203552568411
590926,6.273992322456814
591298,6.275299760191847
591373,6.272770853307766
591500,6.270723526593196
591699,6.269636015325671
591921,6.269028243178554
592209,6.2688995215311
592271,6.265901482544237
592333,6.262906309751434
592357,6.259913999044434
592604,6.259312320916905
592666,6.256324582338902
592718,6.253339694656488
592737,6.25035765379113
592831,6.247855100095329
593643,6.254406860409719
593676,6.251428571428572
593695,6.2484531175630655
593714,6.2454804947668885
593733,6.242510699001427
593992,6.242395437262357
594288,6.242755344418052
594463,6.2412155745489075
594482,6.238253440911248
594580,6.235768500948766
594940,6.236605026078711
595037,6.234123222748815
595083,6.231170061582189
595110,6.228219696969697
595129,6.225272124940842
595148,6.2223273415326394
595167,6.219385342789598
595186,6.2164461247637055
595205,6.213509683514407
595224,6.210576015108593
595243,6.207645115620576
595262,6.2047169811320755
595281,6.2017916077322015
595456,6.200282752120641
595475,6.197362223268959
595494,6.194444444444445
595532,6.191529411764706
595570,6.188617121354657
595589,6.185707569346498
595630,6.182800751879699
595649,6.179896665100986
595668,6.176995305164319
595687,6.174096668230877
595706,6.171200750469043
595725,6.168307548054384
595777,6.165417057169634
595796,6.162529274004684
595834,6.159644194756554
595853,6.156761815629387
595872,6.153882132834425
595899,6.151005142589995
595918,6.148130841121495
595937,6.145259224661373
595974,6.142390289449113
596029,6.139524031731218
596127,6.137126865671642
596146,6.1342657342657345
596165,6.131407269338304
596184,6.128551467163484
596696,6.131284916201118
596871,6.129827826896231
597724,6.136744186046512
597858,6.134821013482101
597956,6.132434944237918
598244,6.132373432419879
598306,6.129526462395543
598404,6.127146171693735
598918,6.12987012987013
599558,6.134445989800649
600144,6.138090824837813
600504,6.138953219082909
600679,6.1375
600777,6.135122628412772
600919,6.133672525439408
601130,6.132686084142395
601377,6.132162661737523
601586,6.1311778290993075
601945,6.1320406278855035
602459,6.134748500230733
603131,6.139760147601476
603342,6.138773628400185
603440,6.136405529953917
603772,6.137263933671119
604964,6.148250460405157
605740,6.154164749194662
606326,6.157773689052438
607477,6.168275862068966
607724,6.1677389705882355
608310,6.171336701883326
609163,6.178145087235996
610355,6.1890775585130795
610679,6.189449541284404
610890,6.188445667125172
611065,6.18698441796517
611312,6.186440677966102
611410,6.184065934065934
611698,6.183981693363845
611873,6.1825251601097895
612084,6.181527206218564
612146,6.178702010968921
612280,6.176793056190041
612604,6.17716894977169
612702,6.17480602464628
612836,6.172901459854015
612970,6.170998632010944
613032,6.168185961713765
613094,6.165375854214123
613192,6.1630236794171225
613254,6.160218479745107
613655,6.161510464058234
613830,6.160072760345612
613892,6.157272727272727
614024,6.155383916401636
614086,6.15258855585831
614148,6.149795733091239
614210,6.147005444646098
614421,6.146031746031746
614483,6.14324569356301
614535,6.140462165835976
614746,6.1394927536231885
615034,6.139429606156632
615281,6.138914027149322
615569,6.1388511985526915
615857,6.13878842676311
615955,6.13646633529146
616017,6.133694670280036
616079,6.1309255079006775
616367,6.13086642599278
616404,6.128101037437979
616651,6.127592425608657
616862,6.126633618747183
616882,6.123873873873874
616901,6.121116614137776
617189,6.121062106210621
617251,6.118308591992802
617277,6.115557553956834
617339,6.112808988764045
617401,6.110062893081761
617463,6.107319263583296
617525,6.104578096947935
617544,6.101839389860924
617606,6.099103139013453
617740,6.097265800089646
617802,6.094534050179211
618013,6.093596059113301
618337,6.094001790510295
618661,6.094407158836689
618795,6.09257602862254
618986,6.091640590075994
619173,6.090705987488829
619250,6.088432335864225
619605,6.089285714285714
619683,6.087014725568943
619781,6.084745762711864
619873,6.082478823004904
619995,6.08065953654189
620073,6.078396436525613
620150,6.07613535173642
620257,6.074321317311972
620355,6.072064056939502
620592,6.071587372165407
620690,6.069333333333334
620799,6.067525544202577
620905,6.065719360568384
620983,6.06347092765202
621060,6.061224489795919
621132,6.058980044345898
621316,6.058067375886525
621536,6.057598582188746
621876,6.058458813108946
622002,6.056662239929172
622213,6.055752212389381
622326,6.053958425475454
622402,6.051724137931035
622514,6.049933716305789
622854,6.050795053003534
623004,6.0494481236203095
623098,6.0472197705207416
623196,6.0449933833259815
623437,6.044532627865961
623535,6.042309387395329
623678,6.040969162995594
623889,6.040070453544694
624160,6.040052816901408
624407,6.039595248570172
624618,6.038698328935796
624716,6.036483516483517
625129,6.038224956063269
625191,6.0355731225296445
625284,6.033362598770852
625809,6.036419482229048
626082,6.036403508771929
626154,6.034195528277071
626365,6.03330411919369
626612,6.032851511169514
627255,6.037215411558669
627738,6.039824945295405
627949,6.038932633420822
628019,6.036729339746393
628431,6.038461538461538
628791,6.039318479685452
629029,6.038864628820961
629127,6.036665211697948
629723,6.040575916230367
629944,6.0401221107719145
630042,6.0379250217959894
630253,6.037037037037037
630890,6.041376306620209
631074,6.0404875925119725
631208,6.038729329852045
631315,6.036972596781209
631506,6.036086956521739
631649,6.034767492394611
631906,6.034752389226759
631991,6.0325662179765525
632341,6.033420138888889
632822,6.036008676789588
633119,6.03642671292281
633340,6.035977459904638
633700,6.036828422876949
633955,6.036812472932005
634402,6.038961038961039
634613,6.03807875378624
634719,6.036332179930795
634940,6.035884133160398
635151,6.035004321521176
635249,6.032829373650108
635341,6.030656303972366
635403,6.028053517479499
635465,6.025452976704055
635594,6.023717119448038
635805,6.022844827586207
635867,6.020249892287807
636040,6.018949181739879
636198,6.0176495910460615
636296,6.015490533562823
636517,6.01505376344086
636579,6.012467755803955
636641,6.0098839707778255
636852,6.009020618556701
636986,6.007299270072993
637355,6.008583690987124
637610,6.008580008580009
638011,6.009862778730703
638137,6.008144020574368
638394,6.008140531276778
638501,6.006423982869379
638825,6.006849315068493
638897,6.004706889174155
639370,6.006843455945252
639917,6.009833262077811
640241,6.01025641025641
640461,6.00982486117044
640595,6.008112724167378
640680,6.005975245411865
640855,6.004692832764505
641328,6.00682302771855
643347,6.026427962489343
644184,6.032807839795484
644593,6.034497444633731
644840,6.0340570455512985
645652,6.04
647210,6.054444917056571
648551,6.066326530612245
649134,6.069698257543561
650172,6.078164825828377
650485,6.078556263269639
652617,6.099320882852292
654374,6.1158252015273655
654508,6.114079728583546
655510,6.122085629504027
655608,6.119915254237288
657062,6.132994493858535
657430,6.1342082980524975
657528,6.132035548032163
657727,6.131133671742809
658136,6.13276955602537
658582,6.134826711749788
660036,6.147866497676383
660247,6.14695945945946
660381,6.145208948923597
660400,6.142616033755274
660724,6.142977646562632
661020,6.143338954468803
661071,6.140750105351875
661246,6.139427127211458
661265,6.136842105263158
661331,6.1342592592592595
662000,6.138830458561212
662245,6.138351555929352
662672,6.139974779319042
662871,6.139075630252101
662933,6.1364972700545986
664197,6.147355163727959
666026,6.1644985312631135
666350,6.164848993288591
666452,6.1626834381551365
667644,6.172673931265717
668081,6.174277335567658
669839,6.190536013400335
670278,6.19213059857681
670478,6.191213389121339
670915,6.192806357172731
671049,6.191053511705686
672288,6.201838696197242
672612,6.202172096908939
672936,6.202505219206681
673409,6.204507512520868
673697,6.204422194409679
673897,6.2035029190992494
673995,6.201333889120467
674061,6.19875
674195,6.197001249479384
675242,6.205661948376353
675532,6.205576362879734
676352,6.211730449251248
676570,6.2112266112266115
676901,6.211970074812967
678873,6.230577482343166
679988,6.239617940199335
680841,6.245745122457452
681468,6.249377593360996
681792,6.2496889257569475
682265,6.2516583747927035
682589,6.251968503937008
683026,6.253521126760563
684254,6.263768115942029
684691,6.265314569536423
685842,6.274720728175424
686392,6.277502067824648
686906,6.2798677139313765
687266,6.280578512396694
688720,6.2932672449401075
688818,6.291081750619323
689291,6.293025175402394
690103,6.298679867986799
690122,6.296082474226804
694288,6.3384171475680136
695665,6.350226617222909
697826,6.370675453047776
698453,6.374228077398106
698664,6.3732510288065845
698952,6.3730974907445495
699201,6.3725328947368425
699525,6.372790793259351
699772,6.372226787181594
700210,6.373716632443532
700345,6.37192118226601
700407,6.369306524415265
700469,6.366694011484824
700531,6.364083640836409
700629,6.3618852459016395
700763,6.360098320360508
700897,6.358312858312859
701441,6.361031518624642
702217,6.36620294599018
702351,6.3644171779141105
703127,6.369582992641047
703261,6.367797302819779
703395,6.366013071895424
704510,6.374846876276031
704572,6.372244897959184
704973,6.373317013463892
705185,6.372349102773247
705283,6.37015898899307
705494,6.36919315403423
706008,6.371486761710794
706070,6.368892508143323
706132,6.366300366300366
706195,6.363710333604557
706370,6.362342415616104
706469,6.360162601626016
706531,6.357578220235677
706767,6.3570268074735985
706897,6.355257815671945
706959,6.352678571428571
707093,6.350912778904665
707227,6.349148418491485
707404,6.347790839075801
707466,6.345218800648298
707528,6.342648845686512
707626,6.340485829959515
707698,6.33832456495346
707760,6.335760517799352
707902,6.334411645774363
708000,6.332255456750202
708062,6.32969696969697
708124,6.327140549273021
708151,6.3245861929753735
708213,6.322033898305085
708347,6.320290439693425
708409,6.317741935483871
708486,6.315598548972188
708548,6.313053988718775
708646,6.310914216673379
708708,6.308373590982287
708770,6.305835010060362
708832,6.303298471440065
708966,6.301568154402895
709152,6.30064308681672
709261,6.298915226998795
709332,6.296787148594378
709441,6.295062224006423
709503,6.292536115569823
709678,6.291215403128761
709752,6.289093825180433
710379,6.292585170340681
710739,6.293269230769231
711261,6.295955146175411
711459,6.295036028823058
711563,6.293317326930772
711887,6.2936
712144,6.293482606957217
712391,6.292965627498002
712566,6.291650019976029
712751,6.2907348242811505
713087,6.291417165668663
713155,6.289305666400638
713296,6.287993617869964
713394,6.285885167464115
713528,6.284176962933439
714233,6.288844621513944
714374,6.287534846674632
714734,6.288216560509555
715403,6.2924791086350975
716112,6.297136038186157
716811,6.301391650099403
716916,6.299682034976152
717283,6.300754866905046
717614,6.301429706115965
717981,6.3025009924573245
718085,6.300793650793651
718345,6.300674335581118
718640,6.3009516256938936
719226,6.304003170828379
719706,6.306259904912837
719917,6.305346534653466
720354,6.306809184481393
720459,6.305104867431737
720706,6.304588607594937
721037,6.305258995650455
721285,6.304743083003952
722400,6.313314895298301
723289,6.319510268562401
723423,6.317804974338729
723830,6.319258089976322
724499,6.323471400394477
725056,6.326498422712934
725197,6.325187229010642
725266,6.323089046493302
726388,6.332020480504135
726642,6.331889763779528
726747,6.330184966548603
727118,6.331235247836349
727519,6.332284703106567
727625,6.3305817610062896
728444,6.336345776031434
728662,6.335820895522388
728993,6.33647428347075
729740,6.341444270015699
730220,6.343664182032169
730325,6.341960784313725
730656,6.342610740885927
731927,6.353056426332288
732626,6.357226792009401
732844,6.356695379796398
733281,6.35812133072407
733605,6.358372456964006
735664,6.3766132186155655
736476,6.381939014855356
736764,6.381789761625635
737653,6.387890625
737828,6.386567746973839
738152,6.386807181889149
738214,6.3843152555598905
739035,6.390015600624025
739080,6.387524366471735
739137,6.385035074045207
739178,6.382547721075185
739197,6.38006230529595
739216,6.377578824445309
739235,6.375097276264592
739254,6.372617658498639
739316,6.370139968895801
739414,6.368052856587641
739476,6.365578865578866
739538,6.363106796116504
739571,6.360636645962733
739590,6.358168412883198
739609,6.355702094647013
739628,6.353237689026755
739647,6.35077519379845
739666,6.348314606741573
739710,6.345855925639039
739772,6.343399148277197
739834,6.34094427244582
739860,6.338491295938105
739937,6.336426914153132
739999,6.333977580208736
740070,6.3319165378670785
740140,6.32985708767864
740245,6.328185328185328
740500,6.3280586646082595
740647,6.3267746913580245
740709,6.324334747396837
740884,6.323053199691596
740990,6.321387283236994
741576,6.324345146379045
742021,6.3261455525606465
742579,6.329099307159353
742834,6.328972681800693
743226,6.33
743402,6.328719723183391
745694,6.34934665641814
